/*!40101 SET SQL_MODE=''*/;/*!40014 SET @OLD_UNIQUE_CHECKS=@@UNIQUE_CHECKS, UNIQUE_CHECKS=0 */;/*!40014 SET @OLD_FOREIGN_KEY_CHECKS=@@FOREIGN_KEY_CHECKS, FOREIGN_KEY_CHECKS=0 */;/*!40101 SET @OLD_SQL_MODE=@@SQL_MODE, SQL_MODE='NO_AUTO_VALUE_ON_ZERO' */;/*!40111 SET @OLD_SQL_NOTES=@@SQL_NOTES, SQL_NOTES=0 */;CREATE DATABASE /*!32312 IF NOT EXISTS*/`mobilefirst_training` /*!40100 DEFAULT CHARACTER SET latin1 */;USE `mobilefirst_training`;/*Table structure for table `accounts` */DROP TABLE IF EXISTS `accounts`;CREATE TABLE `accounts` (  `accountId` varchar(15) NOT NULL,  `customerId` varchar(100) NOT NULL DEFAULT '',  `accountType` varchar(50) NOT NULL,  `accountBalance` INT NOT NULL,  PRIMARY KEY (`accountId`),  KEY `FK_accounts_customers` (`customerId`),  CONSTRAINT `FK_accounts_customers` FOREIGN KEY (`customerId`) REFERENCES `customers` (`customerId`) ON DELETE CASCADE) ENGINE=InnoDB DEFAULT CHARSET=utf8;/*Data for the table `accounts` */insert  into `accounts`(`accountId`,`customerId`,`accountType`,`accountBalance`) values ('12345','101','Checking','101'),('54321','101','Savings','201');insert  into `accounts`(`accountId`,`customerId`,`accountType`,`accountBalance`) values ('10245','102','Checking','102'),('10221','102','Savings','202');insert  into `accounts`(`accountId`,`customerId`,`accountType`,`accountBalance`) values ('10345','103','Checking','103'),('10321','103','Savings','203');insert  into `accounts`(`accountId`,`customerId`,`accountType`,`accountBalance`) values ('10445','104','Checking','104'),('10421','104','Savings','204');insert  into `accounts`(`accountId`,`customerId`,`accountType`,`accountBalance`) values ('10545','105','Checking','105'),('10521','105','Savings','205');/*Table structure for table `accounttransactions` */DROP TABLE IF EXISTS `accounttransactions`;CREATE TABLE `accounttransactions` (  `transactionId` char(12) NOT NULL DEFAULT '',  `fromAccount` varchar(15) DEFAULT '',  `toAccount` varchar(15) DEFAULT NULL,  `transactionType` varchar(100) NOT NULL,  `transactionDate` datetime NOT NULL,  `transactionAmount` int NOT NULL DEFAULT '0',  PRIMARY KEY (`transactionId`),  KEY `FK_accounttransactions_from` (`fromAccount`),  KEY `FK_accounttransactions_to` (`toAccount`),  CONSTRAINT `FK_accounttransactions_from` FOREIGN KEY (`fromAccount`) REFERENCES `accounts` (`accountId`) ON DELETE CASCADE,  CONSTRAINT `FK_accounttransactions_to` FOREIGN KEY (`toAccount`) REFERENCES `accounts` (`accountId`) ON DELETE CASCADE) ENGINE=InnoDB DEFAULT CHARSET=utf8;/*Data for the table `accounttransactions` */insert  into `accounttransactions`(`transactionId`,`fromAccount`,`toAccount`,`transactionType`,`transactionDate`,`transactionAmount`) values ('W06091500863','12345','54321','Funds Transfer','2009-03-11 11:08:39','180'),('W21122/5332','12345','54321','Funds Transfer','2009-03-04 10:35:24','150'),('W14122/5333',NULL,'54321','Deposit','2009-03-06 11:08:39','7500'),('W214122/334',NULL,'12345','Deposit','2009-03-01 11:09:39','9050'),('W14122/5337','12345',NULL,'ATM Withdrawal','2009-03-07 11:09:39','130'),('W73218/4101',NULL,'54321','Accrued Interest','2009-03-01 11:09:39','10'),('W274158/551','12345',NULL,'Check Withdrawal','2009-03-03 11:09:39','150');insert  into `accounttransactions`(`transactionId`,`fromAccount`,`toAccount`,`transactionType`,`transactionDate`,`transactionAmount`) values ('W6091500863','10245','54321','Funds Transfer','2009-03-11 11:08:39','180'),('W214122/532','10345','10421','Funds Transfer','2009-03-04 10:35:24','150'),('W21122/5333',NULL,'54321','Deposit','2009-03-06 11:08:39','7500'),('W214122/534',NULL,'10245','Deposit','2009-03-01 11:09:39','9050'),('W24122/5337','10245',NULL,'ATM Withdrawal','2009-03-07 11:09:39','130'),('W23218/4101',NULL,'10221','Accrued Interest','2009-03-01 11:09:39','10'),('W274158/555','10245',NULL,'Check Withdrawal','2009-03-03 11:09:39','150');insert  into `accounttransactions`(`transactionId`,`fromAccount`,`toAccount`,`transactionType`,`transactionDate`,`transactionAmount`) values ('W0091500863','10345','10421','Funds Transfer','2009-03-11 11:08:39','180'),('W21412/5332','10421','54321','Funds Transfer','2009-03-04 10:35:24','150'),('W21422/5333',NULL,'54321','Deposit','2009-03-06 11:08:39','7500'),('W214122/34',NULL,'10345','Deposit','2009-03-01 11:09:39','9050'),('W21422/5337','10345',NULL,'ATM Withdrawal','2009-03-07 11:09:39','130'),('W27218/4101',NULL,'10321','Accrued Interest','2009-03-01 11:09:39','10'),('W27415/5551','10345',NULL,'Check Withdrawal','2009-03-03 11:09:39','150');insert  into `accounttransactions`(`transactionId`,`fromAccount`,`toAccount`,`transactionType`,`transactionDate`,`transactionAmount`) values ('W0691500863','10245','10321','Funds Transfer','2009-03-11 11:08:39','180'),('W214122/332','12345','10421','Funds Transfer','2009-03-04 10:35:24','150'),('W21412/533',NULL,'54321','Deposit','2009-03-06 11:08:39','7500'),('W214122/533',NULL,'10445','Deposit','2009-03-01 11:09:39','9050'),('W214122/337','10445',NULL,'ATM Withdrawal','2009-03-07 11:09:39','130'),('W27318/4101',NULL,'10421','Accrued Interest','2009-03-01 11:09:39','10'),('W27458/5551','10445',NULL,'Check Withdrawal','2009-03-03 11:09:39','150');insert  into `accounttransactions`(`transactionId`,`fromAccount`,`toAccount`,`transactionType`,`transactionDate`,`transactionAmount`) values ('W0601500863','10545','10421','Funds Transfer','2009-03-11 11:08:39','180'),('W2412/5332','10245','54321','Funds Transfer','2009-03-04 10:35:24','150'),('W21412/5333',NULL,'54321','Deposit','2009-03-06 11:08:39','7500'),('W21412/5334',NULL,'10545','Deposit','2009-03-01 11:09:39','9050'),('W214122/537','10545',NULL,'ATM Withdrawal','2009-03-07 11:09:39','130'),('W27328/4101',NULL,'10521','Accrued Interest','2009-03-01 11:09:39','10'),('W27158/5551','10545',NULL,'Check Withdrawal','2009-03-03 11:09:39','150');/*Table structure for table `customers` */DROP TABLE IF EXISTS `customers`;CREATE TABLE `customers` (  `customerId` varchar(100) NOT NULL,  `firstName` varchar(100) NOT NULL,  `lastName` varchar(100) NOT NULL,  `password` varchar(100) NOT NULL,  PRIMARY KEY (`customerId`)) ENGINE=InnoDB DEFAULT CHARSET=utf8;/*Data for the table `customers` */insert  into `customers`(`customerId`,`firstName`,`lastName`,`password`) values ('101','Nguyen','Thinh','password'),('102','Vu','Tuan','password'),('103','Phan','Anh','password'),('104','Ngo','Son','password'),('105','Tran','Muoi','password');/*!40101 SET SQL_MODE=@OLD_SQL_MODE */;/*!40014 SET FOREIGN_KEY_CHECKS=@OLD_FOREIGN_KEY_CHECKS */;/*!40014 SET UNIQUE_CHECKS=@OLD_UNIQUE_CHECKS */;/*!40111 SET SQL_NOTES=@OLD_SQL_NOTES */;